candidate_id,query_date,city,stage,source,name,area,category,estimated_price_cny,must_try,url,research_status,visit_status,notes
food-kunming-20260514-001,2026-05-14,昆明,01-kunming,飞猪/FlyAI ai-search,祥云美食城,得胜桥/祥云街,美食城,10-35,罐罐米线/涮菜/云南小吃,https://a.feizhu.com/1x18CU,pending,候选,昆明站坐地铁到得胜桥约2站；适合低预算正餐和小吃集中解决
food-kunming-20260514-002,2026-05-14,昆明,01-kunming,飞猪/FlyAI ai-search,祥云街,得胜桥/祥云街,小吃街,10-40,云南菜/小吃,https://a.feizhu.com/4PNTuy,pending,候选,与祥云美食城相邻；选择多但需现场避开明显游客价
food-kunming-20260514-003,2026-05-14,昆明,01-kunming,飞猪/FlyAI ai-search,南强步行街,昆明老街/得胜桥,小吃街,10-40,风味小吃,https://a.feizhu.com/03vyhI,pending,候选,离昆明站地铁距离近；适合顺路边逛边吃
food-kunming-20260514-004,2026-05-14,昆明,01-kunming,飞猪/FlyAI ai-search,文化巷,翠湖/云南大学,学生街区,10-35,学生价简餐/滇味小吃,https://a.feizhu.com/3KwNbs,pending,候选,翠湖步行约10分钟；适合低价晚餐和长期日常吃饭
food-kunming-20260514-005,2026-05-14,昆明,01-kunming,飞猪/FlyAI ai-search,文林街,翠湖/云南大学,餐饮街区,15-45,小吃/简餐/咖啡,https://a.feizhu.com/4DloTT,pending,候选,与文化巷相邻；价格可能比学生街略高
food-kunming-20260514-006,2026-05-14,昆明,01-kunming,飞猪/FlyAI ai-search,昆明老街,光华街/文明街,老街小吃,10-40,小锅米线/鲜花饼,https://a.feizhu.com/1fWiPk,pending,候选,翠湖步行约15分钟；适合逛老街时顺路解决小吃
food-kunming-20260514-007,2026-05-14,昆明,01-kunming,飞猪/FlyAI ai-search,文明街传统老字号商街,昆明老街/文明街,老字号商街,10-40,鲜花饼/米线/传统小吃,https://a.feizhu.com/4NdS4E,pending,候选,属于昆明老街片区；后续复核是否游客化和排队情况
food-kunming-20260515-xhs-001,2026-05-15,昆明,01-kunming,小红书/MediaCrawler,豆香园,凤翥街,小吃/米线,25,豆浆糯米饭/豆花米线/酸辣馄饨,,xhs_positive_signal,候选,小红书样本称周末12点已基本没位置；适合错峰，需地图核营业时间
food-kunming-20260515-xhs-002,2026-05-15,昆明,01-kunming,小红书/MediaCrawler,文化巷冰沙冷面/延边菜,文化巷,冷面/简餐,待核验,冰沙冷面/紫菜包饭,,xhs_positive_signal,候选,适合热天一人食；本轮未确认正式店名和价格，需现场或地图核验
food-kunming-20260515-xhs-003,2026-05-15,昆明,01-kunming,小红书/MediaCrawler,半坡小食光,翠湖/顺城附近,清真小店/简餐,25,杂酱米线/炒饭盖饭/烤豆腐,,xhs_positive_signal,候选,适合1-2人低价正餐；位置靠翠湖/顺城，需核营业时间
food-kunming-20260515-xhs-004,2026-05-15,昆明,01-kunming,小红书/MediaCrawler,太小食堂,翠湖附近,云南菜/小食堂,30-50,家常菜/云南菜,,xhs_area_reference_only,候选,样本称三个菜不到100；多人更合适，单人需确认小份/盖饭
food-kunming-20260515-xhs-005,2026-05-15,昆明,01-kunming,小红书/MediaCrawler,山和思茅菜,文化巷,云南菜/思茅菜,待核验,思茅菜,,xhs_area_reference_only,候选,正向评价但排队久；非饥饿状态备选，不作为低价日常主力
food-02-dali-20260514-001,2026-05-14,大理,02-dali,高德地图 REST place/text,蜀一仙牛肉面,大理古城人民路383号,米线/简餐,10-30,米线/饵丝,,pending,候选,低价正餐候选；POI类型：餐饮服务;中餐厅;中餐厅
food-02-dali-20260514-002,2026-05-14,大理,02-dali,高德地图 REST place/text,南庄小锅米线,大理古城护国路174号,米线/简餐,10-30,米线/饵丝,,pending,候选,低价正餐候选；POI类型：餐饮服务;中餐厅;中餐厅
food-02-dali-20260514-003,2026-05-14,大理,02-dali,高德地图 REST place/text,银米·云南传统过桥米线(大理古城店),大理古城新民路15号(天主教堂旁边),米线/简餐,10-30,米线/饵丝,,pending,候选,低价正餐候选；POI类型：餐饮服务;快餐厅;快餐厅
food-02-dali-20260514-004,2026-05-14,大理,02-dali,高德地图 REST place/text,树下小馆·云南经典过桥米线(叶榆路店),护国路186号,米线/简餐,10-30,米线/饵丝,,pending,候选,低价正餐候选；POI类型：餐饮服务;中餐厅;中餐厅
food-02-dali-20260514-005,2026-05-14,大理,02-dali,高德地图 REST place/text,顺囍小锅米线,广武路90号,米线/简餐,10-30,米线/饵丝,,pending,候选,低价正餐候选；POI类型：餐饮服务;中餐厅;中餐厅
food-02-dali-20260514-006,2026-05-14,大理,02-dali,高德地图 REST place/text,蒙自小黄牛米线,玉洱路375号,米线/简餐,10-30,米线/饵丝,,pending,候选,低价正餐候选；POI类型：餐饮服务;餐饮相关场所;餐饮相关
food-02-dali-20260514-007,2026-05-14,大理,02-dali,高德地图 REST place/text,云阿蛮生烫牛肉米线(大理古城店),大理古城玉洱路78号大理非物质文化遗产博物馆对面,米线/简餐,10-30,米线/饵丝,,pending,候选,低价正餐候选；POI类型：餐饮服务;中餐厅;中餐厅
food-02-dali-20260514-008,2026-05-14,大理,02-dali,高德地图 REST place/text,曹记云县土鸡米线(大理总店),玉洱路128号,米线/简餐,10-30,米线/饵丝,,pending,候选,低价正餐候选；POI类型：餐饮服务;中餐厅;中餐厅
food-02-dali-20260514-009,2026-05-14,大理,02-dali,高德地图 REST place/text,大理杨记饵块,大理古城广武路35号,饵丝/小吃,10-30,饵丝,,pending,候选,本地小吃候选；POI类型：餐饮服务;餐饮相关场所;餐饮相关
food-02-dali-20260514-010,2026-05-14,大理,02-dali,高德地图 REST place/text,老字号 永恒有间粑肉饵丝,大理古城玉洱路334号,饵丝/小吃,10-30,饵丝,,pending,候选,本地小吃候选；POI类型：餐饮服务;中餐厅;中餐厅
food-02-dali-20260514-011,2026-05-14,大理,02-dali,高德地图 REST place/text,诚心井王记小吃,护国路217号(诚心井对面),饵丝/小吃,10-30,饵丝,,pending,候选,本地小吃候选；POI类型：餐饮服务;中餐厅;中餐厅
food-02-dali-20260514-012,2026-05-14,大理,02-dali,高德地图 REST place/text,巍山耙肉饵丝(十年老店),平等路52号54号,饵丝/小吃,10-30,饵丝,,pending,候选,本地小吃候选；POI类型：餐饮服务;中餐厅;中餐厅
food-02-dali-20260514-013,2026-05-14,大理,02-dali,高德地图 REST place/text,刘记正宗巍山火巴肉饵丝,大理古城玉洱路273号,饵丝/小吃,10-30,饵丝,,pending,候选,本地小吃候选；POI类型：餐饮服务;中餐厅;中餐厅
food-02-dali-20260514-014,2026-05-14,大理,02-dali,高德地图 REST place/text,火巴肉饵丝(老字号),大理古城平等路22号,饵丝/小吃,10-30,饵丝,,pending,候选,本地小吃候选；POI类型：餐饮服务;中餐厅;中餐厅
food-02-dali-20260514-015,2026-05-14,大理,02-dali,高德地图 REST place/text,大理赵家饵块饵丝,大理古城银苍路42号,饵丝/小吃,10-30,饵丝,,pending,候选,本地小吃候选；POI类型：餐饮服务;中餐厅;中餐厅
food-02-dali-20260514-016,2026-05-14,大理,02-dali,高德地图 REST place/text,巍山耙肉饵丝(大理市红十字医院北),一塔路42号大理古城(西北角),饵丝/小吃,10-30,饵丝,,pending,候选,本地小吃候选；POI类型：餐饮服务;中餐厅;中餐厅
food-02-dali-20260514-017,2026-05-14,大理,02-dali,高德地图 REST place/text,大理古城集贸市场,平等路5号,市场,5-30,水果/早点/简餐,,pending,候选,长期慢住补给；POI类型：购物服务;综合市场;综合市场
food-02-dali-20260514-018,2026-05-14,大理,02-dali,高德地图 REST place/text,北门菜市场,护国路172号大理古城(西北角),市场,5-30,水果/早点/简餐,,pending,候选,长期慢住补给；POI类型：购物服务;综合市场;蔬菜市场
food-02-dali-20260514-019,2026-05-14,大理,02-dali,高德地图 REST place/text,古城人民路小菜市场,护国路172号大理古城,市场,5-30,水果/早点/简餐,,pending,候选,长期慢住补给；POI类型：购物服务;综合市场;蔬菜市场
food-02-dali-20260514-020,2026-05-14,大理,02-dali,高德地图 REST place/text,北门野生菌批发市场,大理古城平等路16号,市场,5-30,水果/早点/简餐,,pending,候选,长期慢住补给；POI类型：购物服务;综合市场;农副产品市场
food-02-dali-20260514-021,2026-05-14,大理,02-dali,高德地图 REST place/text,大理市蔬菜良种服务部,护国路172号大理古城(西北角),市场,5-30,水果/早点/简餐,,pending,候选,长期慢住补给；POI类型：购物服务;购物相关场所;购物相关场所
food-02-dali-20260514-022,2026-05-14,大理,02-dali,高德地图 REST place/text,南门绿玉农贸市场,绿玉路111号,市场,5-30,水果/早点/简餐,,pending,候选,长期慢住补给；POI类型：购物服务;综合市场;农副产品市场|购物服务;综合市场;蔬菜市场
food-02-dali-20260514-023,2026-05-14,大理,02-dali,高德地图 REST place/text,白族杜鲜生,OYO雅途客栈大理古城三月街店西南门南130米,市场,5-30,水果/早点/简餐,,pending,候选,长期慢住补给；POI类型：购物服务;综合市场;农副产品市场
food-02-dali-20260514-024,2026-05-14,大理,02-dali,高德地图 REST place/text,瑜味生鲜,博爱路与双狮路交叉口南140米,市场,5-30,水果/早点/简餐,,pending,候选,长期慢住补给；POI类型：购物服务;综合市场;农副产品市场
food-03-shaxi-jianchuan-20260514-101,2026-05-14,剑川,03-shaxi-jianchuan,高德地图 REST place/text,沙溪小黄牛牛肉米线餐馆,鳌峰路,古镇餐馆,15-45,家常菜/面食,,pending,候选,古镇内吃饭候选；POI类型：餐饮服务;中餐厅;中餐厅
food-03-shaxi-jianchuan-20260514-102,2026-05-14,剑川,03-shaxi-jianchuan,高德地图 REST place/text,喜宝赏饭,寺登街27号,古镇餐馆,15-45,家常菜/面食,,pending,候选,古镇内吃饭候选；POI类型：餐饮服务;快餐厅;快餐厅
food-03-shaxi-jianchuan-20260514-103,2026-05-14,剑川,03-shaxi-jianchuan,高德地图 REST place/text,翕庐小苑,沙溪镇寺登村,古镇餐馆,15-45,家常菜/面食,,pending,候选,古镇内吃饭候选；POI类型：住宿服务;旅馆招待所;旅馆招待所|餐饮服务;餐饮相关场所;餐饮相关
food-03-shaxi-jianchuan-20260514-104,2026-05-14,剑川,03-shaxi-jianchuan,高德地图 REST place/text,初见沙溪私房菜,寺登街58号,古镇餐馆,15-45,家常菜/面食,,pending,候选,古镇内吃饭候选；POI类型：餐饮服务;中餐厅;中餐厅
food-03-shaxi-jianchuan-20260514-105,2026-05-14,剑川,03-shaxi-jianchuan,高德地图 REST place/text,菌与花云南特色主题餐厅清真,沙溪古镇寺登街61号,古镇餐馆,15-45,家常菜/面食,,pending,候选,古镇内吃饭候选；POI类型：餐饮服务;中餐厅;清真菜馆
food-03-shaxi-jianchuan-20260514-106,2026-05-14,剑川,03-shaxi-jianchuan,高德地图 REST place/text,云之味餐厅(剑川清风雅苑民宿店),沙溪古镇幸福巷与084县道交叉口西260米,古镇餐馆,15-45,家常菜/面食,,pending,候选,古镇内吃饭候选；POI类型：餐饮服务;中餐厅;中餐厅
food-03-shaxi-jianchuan-20260514-107,2026-05-14,剑川,03-shaxi-jianchuan,高德地图 REST place/text,白味轩私房菜馆,北古宗巷沙溪古镇(东北角),古镇餐馆,15-45,家常菜/面食,,pending,候选,古镇内吃饭候选；POI类型：餐饮服务;中餐厅;中餐厅
food-03-shaxi-jianchuan-20260514-108,2026-05-14,剑川,03-shaxi-jianchuan,高德地图 REST place/text,芗12西餐厅,北龙村公路寺登街117号,古镇餐馆,15-45,家常菜/面食,,pending,候选,古镇内吃饭候选；POI类型：餐饮服务;外国餐厅;西餐厅(综合风味)
food-03-shaxi-jianchuan-20260514-109,2026-05-14,剑川,03-shaxi-jianchuan,高德地图 REST place/text,三孃食坊,沙溪古镇东南小学西北100米,小吃,10-30,饵丝/面食,,pending,候选,低价补充；POI类型：餐饮服务;中餐厅;中餐厅
food-03-shaxi-jianchuan-20260514-110,2026-05-14,剑川,03-shaxi-jianchuan,高德地图 REST place/text,王记凉粉,文照街51号(近西门老街),小吃,10-30,饵丝/面食,,pending,候选,低价补充；POI类型：餐饮服务;快餐厅;快餐厅
food-03-shaxi-jianchuan-20260514-111,2026-05-14,剑川,03-shaxi-jianchuan,高德地图 REST place/text,白族正宗火烤饼,幸福巷与084县道交叉口西260米,小吃,10-30,饵丝/面食,,pending,候选,低价补充；POI类型：餐饮服务;中餐厅;中餐厅
food-03-shaxi-jianchuan-20260514-112,2026-05-14,剑川,03-shaxi-jianchuan,高德地图 REST place/text,不晚小吃,寺登街123号,小吃,10-30,饵丝/面食,,pending,候选,低价补充；POI类型：餐饮服务;餐饮相关场所;餐饮相关
food-03-shaxi-jianchuan-20260514-113,2026-05-14,剑川,03-shaxi-jianchuan,高德地图 REST place/text,大官米线(沙溪店),沙溪镇寺登村委会寺登村91号,小吃,10-30,饵丝/面食,,pending,候选,低价补充；POI类型：餐饮服务;中餐厅;中餐厅
food-03-shaxi-jianchuan-20260514-114,2026-05-14,剑川,03-shaxi-jianchuan,高德地图 REST place/text,椿 12 意式窑炉披萨店,沙溪古镇寺登街110号,小吃,10-30,饵丝/面食,,pending,候选,低价补充；POI类型：餐饮服务;快餐厅;快餐厅
food-03-shaxi-jianchuan-20260514-115,2026-05-14,剑川,03-shaxi-jianchuan,高德地图 REST place/text,爱与故食,沙溪镇北古宗巷93号,小吃,10-30,饵丝/面食,,pending,候选,低价补充；POI类型：餐饮服务;中餐厅;中餐厅
food-03-shaxi-jianchuan-20260514-116,2026-05-14,剑川,03-shaxi-jianchuan,高德地图 REST place/text,杨记老字号双盖帽,东门街与古城东路交叉口西20米,小吃,10-30,饵丝/面食,,pending,候选,低价补充；POI类型：餐饮服务;中餐厅;中餐厅
food-03-shaxi-jianchuan-20260514-117,2026-05-14,剑川,03-shaxi-jianchuan,高德地图 REST place/text,沙溪薄荷咖啡馆,沙溪古镇寺登街178号,咖啡/休息,20-45,咖啡,,pending,候选,雨天休整候选；POI类型：餐饮服务;咖啡厅;咖啡厅
food-03-shaxi-jianchuan-20260514-118,2026-05-14,剑川,03-shaxi-jianchuan,高德地图 REST place/text,叁一咖啡,沙溪古镇寺登街31号绝对艺术客栈后院露台,咖啡/休息,20-45,咖啡,,pending,候选,雨天休整候选；POI类型：餐饮服务;咖啡厅;咖啡厅
food-03-shaxi-jianchuan-20260514-119,2026-05-14,剑川,03-shaxi-jianchuan,高德地图 REST place/text,渡鸦咖啡烘焙,沙溪镇南古宗巷38号(靠近四方街),咖啡/休息,20-45,咖啡,,pending,候选,雨天休整候选；POI类型：餐饮服务;餐饮相关场所;餐饮相关
food-03-shaxi-jianchuan-20260514-120,2026-05-14,剑川,03-shaxi-jianchuan,高德地图 REST place/text,大桠DAYA Coffee Lab,沙溪古镇兰陵阁壹号院对面,咖啡/休息,20-45,咖啡,,pending,候选,雨天休整候选；POI类型：餐饮服务;咖啡厅;咖啡厅
food-03-shaxi-jianchuan-20260514-121,2026-05-14,剑川,03-shaxi-jianchuan,高德地图 REST place/text,溪语咖啡酒馆(沙溪古镇店),沙溪镇寺登街47号,咖啡/休息,20-45,咖啡,,pending,候选,雨天休整候选；POI类型：餐饮服务;咖啡厅;咖啡厅
food-03-shaxi-jianchuan-20260514-122,2026-05-14,剑川,03-shaxi-jianchuan,高德地图 REST place/text,现咖Bar tea&coffee,沙溪古镇寺登街138号现咖咖啡馆,咖啡/休息,20-45,咖啡,,pending,候选,雨天休整候选；POI类型：餐饮服务;咖啡厅;咖啡厅
food-03-shaxi-jianchuan-20260514-123,2026-05-14,剑川,03-shaxi-jianchuan,高德地图 REST place/text,沙溪古镇云麓咖啡店,,咖啡/休息,20-45,咖啡,,pending,候选,雨天休整候选；POI类型：餐饮服务;咖啡厅;咖啡厅
food-03-shaxi-jianchuan-20260514-124,2026-05-14,剑川,03-shaxi-jianchuan,高德地图 REST place/text,小满咖啡(北古宗巷店),寺登街59号,咖啡/休息,20-45,咖啡,,pending,候选,雨天休整候选；POI类型：餐饮服务;咖啡厅;咖啡厅
food-04-lijiang-20260514-201,2026-05-14,丽江,04-lijiang,高德地图 REST place/text,云雪丽·白沙雪山观景餐厅,白沙镇白沙村委会木都村158号,古镇餐馆,15-45,简餐/纳西菜,,pending,候选,白沙慢住日常候选；POI类型：餐饮服务;中餐厅;中餐厅
food-04-lijiang-20260514-202,2026-05-14,丽江,04-lijiang,高德地图 REST place/text,梁厨餐厅(白沙店),白沙古镇三元村委会二组42号,古镇餐馆,15-45,简餐/纳西菜,,pending,候选,白沙慢住日常候选；POI类型：餐饮服务;中餐厅;中餐厅
food-04-lijiang-20260514-203,2026-05-14,丽江,04-lijiang,高德地图 REST place/text,绿也庭院花园餐厅(丽江白沙),新尚段与010乡道交叉口南400米,古镇餐馆,15-45,简餐/纳西菜,,pending,候选,白沙慢住日常候选；POI类型：餐饮服务;中餐厅;中餐厅
food-04-lijiang-20260514-204,2026-05-14,丽江,04-lijiang,高德地图 REST place/text,田家庄菌王宴主题餐厅(白沙店),白沙古镇白沙段太平村1组16号北区1楼,古镇餐馆,15-45,简餐/纳西菜,,pending,候选,白沙慢住日常候选；POI类型：餐饮服务;中餐厅;火锅店
food-04-lijiang-20260514-205,2026-05-14,丽江,04-lijiang,高德地图 REST place/text,阿察哥纳西观景餐厅,新尚段与010乡道交叉口南40米,古镇餐馆,15-45,简餐/纳西菜,,pending,候选,白沙慢住日常候选；POI类型：餐饮服务;中餐厅;中餐厅
food-04-lijiang-20260514-206,2026-05-14,丽江,04-lijiang,高德地图 REST place/text,菌如故餐厅,白沙古镇三元村二组37号,古镇餐馆,15-45,简餐/纳西菜,,pending,候选,白沙慢住日常候选；POI类型：餐饮服务;餐饮相关场所;餐饮相关
food-04-lijiang-20260514-207,2026-05-14,丽江,04-lijiang,高德地图 REST place/text,纪姐姐庭院餐厅,,古镇餐馆,15-45,简餐/纳西菜,,pending,候选,白沙慢住日常候选；POI类型：餐饮服务;中餐厅;中餐厅
food-04-lijiang-20260514-208,2026-05-14,丽江,04-lijiang,高德地图 REST place/text,滇西公主·云南私房菜·雪山观景餐厅,新尚段与010乡道交叉口西300米白沙白院正对面,古镇餐馆,15-45,简餐/纳西菜,,pending,候选,白沙慢住日常候选；POI类型：餐饮服务;中餐厅;中餐厅
food-05-luguhu-20260515-001,2026-05-15,泸沽湖,05-luguhu,高德地图 REST place/text,肖蘸罐罐米线(泸沽湖店),永宁镇落水村委会大落水下村乌马河旁,米线/简餐,15-35,米线/简餐,,pending,候选,低价正餐候选；POI类型：餐饮服务;中餐厅;中餐厅
food-05-luguhu-20260515-002,2026-05-15,泸沽湖,05-luguhu,高德地图 REST place/text,土鸡米线,221省道与亚泸路交叉口东北20米,米线/简餐,15-35,米线/简餐,,pending,候选,低价正餐候选；POI类型：餐饮服务;中餐厅;中餐厅
food-05-luguhu-20260515-003,2026-05-15,泸沽湖,05-luguhu,高德地图 REST place/text,品味泸沽湖餐厅,永宁镇落水村委会大落水泸沽湖景区大落水村停车场旁2层,湖边餐馆,20-50,家常菜/简餐,,pending,候选,住宿附近吃饭候选；POI类型：餐饮服务;中餐厅;中餐厅
food-05-luguhu-20260515-004,2026-05-15,泸沽湖,05-luguhu,高德地图 REST place/text,四海餐厅,吉莉诊所西南侧60米,湖边餐馆,20-50,家常菜/简餐,,pending,候选,住宿附近吃饭候选；POI类型：餐饮服务;中餐厅;中餐厅
food-05-luguhu-20260515-005,2026-05-15,泸沽湖,05-luguhu,高德地图 REST place/text,帅味柴火鸡主题餐厅,宁蒗彝族自治县永宁镇洛水村委会大洛水,湖边餐馆,20-50,家常菜/简餐,,pending,候选,住宿附近吃饭候选；POI类型：餐饮服务;餐饮相关场所;餐饮相关
food-05-luguhu-20260515-006,2026-05-15,泸沽湖,05-luguhu,高德地图 REST place/text,戈瓦阿妈花园餐厅,泸沽湖大落水村5号路12号,湖边餐馆,20-50,家常菜/简餐,,pending,候选,住宿附近吃饭候选；POI类型：餐饮服务;中餐厅;特色/地方风味餐厅
food-05-luguhu-20260515-007,2026-05-15,泸沽湖,05-luguhu,高德地图 REST place/text,啊夏祖母餐厅,永宁乡落水村委会落水下村2号,湖边餐馆,20-50,家常菜/简餐,,pending,候选,住宿附近吃饭候选；POI类型：餐饮服务;中餐厅;特色/地方风味餐厅
food-05-luguhu-20260515-008,2026-05-15,泸沽湖,05-luguhu,高德地图 REST place/text,云川菜馆,吉莉诊所北侧240米,湖边餐馆,20-50,家常菜/简餐,,pending,候选,住宿附近吃饭候选；POI类型：餐饮服务;中餐厅;四川菜(川菜)
food-05-luguhu-20260515-009,2026-05-15,泸沽湖,05-luguhu,高德地图 REST place/text,福味坊川菜馆,湖滨路泸沽湖风景区,湖边餐馆,20-50,家常菜/简餐,,pending,候选,住宿附近吃饭候选；POI类型：餐饮服务;中餐厅;四川菜(川菜)
food-05-luguhu-20260515-010,2026-05-15,泸沽湖,05-luguhu,高德地图 REST place/text,川味园(泸沽湖国家级风景名胜区店),大洛水停车场对面,湖边餐馆,20-50,家常菜/简餐,,pending,候选,住宿附近吃饭候选；POI类型：餐饮服务;中餐厅;中餐厅
food-05-luguhu-20260515-011,2026-05-15,泸沽湖,05-luguhu,高德地图 REST place/text,汇金超市(泸沽湖风景区店),泸沽湖镇多舍村,补给,5-30,饮水/水果/零食,,pending,候选,湖区补给候选；POI类型：购物服务;便民商店/便利店;便民商店/便利店
food-05-luguhu-20260515-012,2026-05-15,泸沽湖,05-luguhu,高德地图 REST place/text,泸沽湖镇沁心超市,泸沽湖镇格姆西路132路,补给,5-30,饮水/水果/零食,,pending,候选,湖区补给候选；POI类型：购物服务;购物相关场所;购物相关场所
food-05-luguhu-20260515-013,2026-05-15,泸沽湖,05-luguhu,高德地图 REST place/text,泸沽湖零点超市,亚泸路与307省道交叉路口,补给,5-30,饮水/水果/零食,,pending,候选,湖区补给候选；POI类型：购物服务;超级市场;超市
food-05-luguhu-20260515-014,2026-05-15,泸沽湖,05-luguhu,高德地图 REST place/text,达祖舞场超市,泸沽湖风景名胜区,补给,5-30,饮水/水果/零食,,pending,候选,湖区补给候选；POI类型：购物服务;超级市场;超市
food-05-luguhu-20260515-015,2026-05-15,泸沽湖,05-luguhu,高德地图 REST place/text,公爵超市,木垮村6组8号,补给,5-30,饮水/水果/零食,,pending,候选,湖区补给候选；POI类型：购物服务;超级市场;超市
food-05-luguhu-20260515-016,2026-05-15,泸沽湖,05-luguhu,高德地图 REST place/text,波浪湾小卖部,舍垮村泸沽湖国家级风景名胜区内(北侧),补给,5-30,饮水/水果/零食,,pending,候选,湖区补给候选；POI类型：购物服务;便民商店/便利店;便民商店/便利店
food-05-luguhu-20260515-017,2026-05-15,泸沽湖,05-luguhu,高德地图 REST place/text,齐齐超市,泸沽湖摩梭家园酒店西侧150米,补给,5-30,饮水/水果/零食,,pending,候选,湖区补给候选；POI类型：购物服务;便民商店/便利店;便民商店/便利店
food-06-shangrila-deqin-20260515-001,2026-05-15,香格里拉/德钦,06-shangrila-deqin,高德地图 REST place/text,荣膳荷羊肉米线(香格里拉总店),康巴路2号(大修厂加油站对面),米线/简餐,15-35,米线/简餐,,pending,候选,低价正餐候选；POI类型：餐饮服务;餐饮相关场所;餐饮相关
food-06-shangrila-deqin-20260515-002,2026-05-15,香格里拉/德钦,06-shangrila-deqin,高德地图 REST place/text,罐老大罐罐米线(香格里拉格咱路店),建塘镇格咱路79号,米线/简餐,15-35,米线/简餐,,pending,候选,低价正餐候选；POI类型：餐饮服务;快餐厅;快餐厅
food-06-shangrila-deqin-20260515-003,2026-05-15,香格里拉/德钦,06-shangrila-deqin,高德地图 REST place/text,桥香园过桥米线(香格里拉独克宗古城店),古城池廊硕19号,米线/简餐,15-35,米线/简餐,,pending,候选,低价正餐候选；POI类型：餐饮服务;餐饮相关场所;餐饮相关
food-06-shangrila-deqin-20260515-004,2026-05-15,香格里拉/德钦,06-shangrila-deqin,高德地图 REST place/text,肖蘸罐罐米线(香格里拉阳塘店),阳塘路52号(秦妈自助餐对面),米线/简餐,15-35,米线/简餐,,pending,候选,低价正餐候选；POI类型：餐饮服务;中餐厅;中餐厅
food-06-shangrila-deqin-20260515-005,2026-05-15,香格里拉/德钦,06-shangrila-deqin,高德地图 REST place/text,云阿蛮生烫牛肉米线(独克宗古城店),建塘镇仓房社区池廊硕011号,米线/简餐,15-35,米线/简餐,,pending,候选,低价正餐候选；POI类型：餐饮服务;餐饮相关场所;餐饮相关
food-06-shangrila-deqin-20260515-006,2026-05-15,香格里拉/德钦,06-shangrila-deqin,高德地图 REST place/text,老仓醋米线(古城店),建塘镇独克宗古城达娃路20号,米线/简餐,15-35,米线/简餐,,pending,候选,低价正餐候选；POI类型：餐饮服务;中餐厅;中餐厅
food-06-shangrila-deqin-20260515-007,2026-05-15,香格里拉/德钦,06-shangrila-deqin,高德地图 REST place/text,舒一瓢泡椒米线,格咱路30号,米线/简餐,15-35,米线/简餐,,pending,候选,低价正餐候选；POI类型：餐饮服务;中餐厅;中餐厅
food-06-shangrila-deqin-20260515-008,2026-05-15,香格里拉/德钦,06-shangrila-deqin,高德地图 REST place/text,滇三剁烧肉米线(香格里拉店),建塘镇独克宗古城月光印巷3栋1楼08号,米线/简餐,15-35,米线/简餐,,pending,候选,低价正餐候选；POI类型：餐饮服务;中餐厅;中餐厅
food-06-shangrila-deqin-20260515-009,2026-05-15,香格里拉/德钦,06-shangrila-deqin,高德地图 REST place/text,四川饭店(香格里拉市独克宗古城店),独克宗古城金龙街东廊路17号(月光广场转经筒、藏吉王客栈对面),古城餐馆,20-55,牦牛肉/藏餐/简餐,,pending,候选,古城附近吃饭候选；POI类型：餐饮服务;中餐厅;中餐厅
food-06-shangrila-deqin-20260515-010,2026-05-15,香格里拉/德钦,06-shangrila-deqin,高德地图 REST place/text,法澜禧融合餐厅(独克宗古城店),池慈卡街与团结路交叉口西北100米,古城餐馆,20-55,牦牛肉/藏餐/简餐,,pending,候选,古城附近吃饭候选；POI类型：餐饮服务;外国餐厅;外国餐厅
food-06-shangrila-deqin-20260515-011,2026-05-15,香格里拉/德钦,06-shangrila-deqin,高德地图 REST place/text,独克宗古城青稞藏王盛宴,建塘镇达娃路63号,古城餐馆,20-55,牦牛肉/藏餐/简餐,,pending,候选,古城附近吃饭候选；POI类型：餐饮服务;中餐厅;中餐厅
food-06-shangrila-deqin-20260515-012,2026-05-15,香格里拉/德钦,06-shangrila-deqin,高德地图 REST place/text,小苑家餐饮店(独克宗古城店),仓房街与步行街交叉口南260米,古城餐馆,20-55,牦牛肉/藏餐/简餐,,pending,候选,古城附近吃饭候选；POI类型：餐饮服务;中餐厅;中餐厅
food-06-shangrila-deqin-20260515-013,2026-05-15,香格里拉/德钦,06-shangrila-deqin,高德地图 REST place/text,喜茶(香格里拉市独克宗古城店),月光印巷1栋1层S-1-108A号,古城餐馆,20-55,牦牛肉/藏餐/简餐,,pending,候选,古城附近吃饭候选；POI类型：餐饮服务;冷饮店;冷饮店
food-06-shangrila-deqin-20260515-014,2026-05-15,香格里拉/德钦,06-shangrila-deqin,高德地图 REST place/text,香格里拉贰舍咖啡(独克宗古城店),独克宗古城纳举廊9号,古城餐馆,20-55,牦牛肉/藏餐/简餐,,pending,候选,古城附近吃饭候选；POI类型：餐饮服务;咖啡厅;咖啡厅
food-06-shangrila-deqin-20260515-015,2026-05-15,香格里拉/德钦,06-shangrila-deqin,高德地图 REST place/text,香巴拉·牦牛鲜奶茶(独克宗古城四方街店),独克宗古城四方街4-1,古城餐馆,20-55,牦牛肉/藏餐/简餐,,pending,候选,古城附近吃饭候选；POI类型：餐饮服务;冷饮店;冷饮店
food-06-shangrila-deqin-20260515-016,2026-05-15,香格里拉/德钦,06-shangrila-deqin,高德地图 REST place/text,香格里拉市叁季·柳庐私房咖啡厅(独克宗古城店),独克宗古城觉廊54号,古城餐馆,20-55,牦牛肉/藏餐/简餐,,pending,候选,古城附近吃饭候选；POI类型：餐饮服务;咖啡厅;咖啡厅
food-06-shangrila-deqin-20260515-017,2026-05-15,香格里拉/德钦,06-shangrila-deqin,高德地图 REST place/text,德钦县观山餐厅(观云民宿店),梅里十三塔东南侧,县城餐馆,20-55,简餐/藏餐,,pending,候选,德钦过渡餐食候选；POI类型：餐饮服务;中餐厅;中餐厅
food-06-shangrila-deqin-20260515-018,2026-05-15,香格里拉/德钦,06-shangrila-deqin,高德地图 REST place/text,野叙·ANANDA餐厅(雾浓顶),升平镇巨水村雾浓顶小组24号,县城餐馆,20-55,简餐/藏餐,,pending,候选,德钦过渡餐食候选；POI类型：餐饮服务;中餐厅;中餐厅
food-06-shangrila-deqin-20260515-019,2026-05-15,香格里拉/德钦,06-shangrila-deqin,高德地图 REST place/text,仓木餐厅Elimwood,云岭乡雨崩下村19号,县城餐馆,20-55,简餐/藏餐,,pending,候选,德钦过渡餐食候选；POI类型：餐饮服务;中餐厅;中餐厅
food-06-shangrila-deqin-20260515-020,2026-05-15,香格里拉/德钦,06-shangrila-deqin,高德地图 REST place/text,格桑云浪餐厅,雨崩景区内(南侧),县城餐馆,20-55,简餐/藏餐,,pending,候选,德钦过渡餐食候选；POI类型：餐饮服务;中餐厅;中餐厅
food-06-shangrila-deqin-20260515-021,2026-05-15,香格里拉/德钦,06-shangrila-deqin,高德地图 REST place/text,和厨餐厅,高山别庄德钦精品酒店北门东北80米,县城餐馆,20-55,简餐/藏餐,,pending,候选,德钦过渡餐食候选；POI类型：餐饮服务;中餐厅;中餐厅
food-06-shangrila-deqin-20260515-022,2026-05-15,香格里拉/德钦,06-shangrila-deqin,高德地图 REST place/text,梅里雪山半山雪观景餐厅,飞来寺36号,县城餐馆,20-55,简餐/藏餐,,pending,候选,德钦过渡餐食候选；POI类型：餐饮服务;中餐厅;中餐厅
food-06-shangrila-deqin-20260515-023,2026-05-15,香格里拉/德钦,06-shangrila-deqin,高德地图 REST place/text,金川餐厅,飞来寺摄影小镇综合办公楼一楼,县城餐馆,20-55,简餐/藏餐,,pending,候选,德钦过渡餐食候选；POI类型：餐饮服务;中餐厅;中餐厅
food-06-shangrila-deqin-20260515-024,2026-05-15,香格里拉/德钦,06-shangrila-deqin,高德地图 REST place/text,巴乡川菜馆,德维线与下街交叉口西北120米,县城餐馆,20-55,简餐/藏餐,,pending,候选,德钦过渡餐食候选；POI类型：餐饮服务;中餐厅;四川菜(川菜)
food-06-shangrila-deqin-20260515-025,2026-05-15,香格里拉/德钦,06-shangrila-deqin,高德地图 REST place/text,金桥向阳菜市场(向阳路农贸综合市场店),香格里建塘镇东旺路75号8号,市场,5-30,水果/早点/补给,,pending,候选,高海拔补给候选；POI类型：购物服务;综合市场;农副产品市场
food-06-shangrila-deqin-20260515-026,2026-05-15,香格里拉/德钦,06-shangrila-deqin,高德地图 REST place/text,花样甘草鲜果屋(向阳路农贸综合市场店),香格里建塘镇东旺路75号8号金桥向阳菜市场,市场,5-30,水果/早点/补给,,pending,候选,高海拔补给候选；POI类型：购物服务;综合市场;果品市场
food-06-shangrila-deqin-20260515-027,2026-05-15,香格里拉/德钦,06-shangrila-deqin,高德地图 REST place/text,欢欢乐水果店(向阳路农贸综合市场店),香格里建塘镇东旺路75号8号金桥向阳菜市场,市场,5-30,水果/早点/补给,,pending,候选,高海拔补给候选；POI类型：购物服务;综合市场;果品市场
food-06-shangrila-deqin-20260515-028,2026-05-15,香格里拉/德钦,06-shangrila-deqin,高德地图 REST place/text,中宜农贸批发市场,建塘镇金沙路金沙国际酒店旁边,市场,5-30,水果/早点/补给,,pending,候选,高海拔补给候选；POI类型：购物服务;综合市场;农副产品市场
food-06-shangrila-deqin-20260515-029,2026-05-15,香格里拉/德钦,06-shangrila-deqin,高德地图 REST place/text,香格里拉运鸿水果批发部(中宜农贸批发市场店),中宜农贸市场7-09,市场,5-30,水果/早点/补给,,pending,候选,高海拔补给候选；POI类型：购物服务;综合市场;果品市场
food-06-shangrila-deqin-20260515-030,2026-05-15,香格里拉/德钦,06-shangrila-deqin,高德地图 REST place/text,松茸园区松茸交易市场,建塘镇康珠大道10号,市场,5-30,水果/早点/补给,,pending,候选,高海拔补给候选；POI类型：购物服务;综合市场;综合市场
food-06-shangrila-deqin-20260515-031,2026-05-15,香格里拉/德钦,06-shangrila-deqin,高德地图 REST place/text,瑞泰农贸市场,建塘镇香格里康定路,市场,5-30,水果/早点/补给,,pending,候选,高海拔补给候选；POI类型：购物服务;综合市场;农副产品市场
food-06-shangrila-deqin-20260515-032,2026-05-15,香格里拉/德钦,06-shangrila-deqin,高德地图 REST place/text,香格里拉绿色无公害农产品交易市场,建塘镇东旺路50号,市场,5-30,水果/早点/补给,,pending,候选,高海拔补给候选；POI类型：购物服务;综合市场;农副产品市场
food-07-tengchong-mangshi-20260515-001,2026-05-15,腾冲/芒市,07-tengchong-mangshi,高德地图 REST place/text,越州一绝酸汤饵丝(腾冲店),腾越镇秀峰社区砚塘小区170号附1号,饵丝/小吃,10-30,饵丝/稀豆粉,,pending,候选,低价正餐候选；POI类型：餐饮服务;中餐厅;中餐厅
food-07-tengchong-mangshi-20260515-002,2026-05-15,腾冲/芒市,07-tengchong-mangshi,高德地图 REST place/text,腾冲饵丝文创馆,193县道与114乡道交叉口北340米,饵丝/小吃,10-30,饵丝/稀豆粉,,pending,候选,低价正餐候选；POI类型：购物服务;购物相关场所;购物相关场所
food-07-tengchong-mangshi-20260515-003,2026-05-15,腾冲/芒市,07-tengchong-mangshi,高德地图 REST place/text,腾冲特色小锅鲜肉饵丝,219国道与095乡道交叉口东南240米,饵丝/小吃,10-30,饵丝/稀豆粉,,pending,候选,低价正餐候选；POI类型：餐饮服务;中餐厅;中餐厅
food-07-tengchong-mangshi-20260515-004,2026-05-15,腾冲/芒市,07-tengchong-mangshi,高德地图 REST place/text,叠水河丽芹豆粉店,市叠水河景区正门东南80米,饵丝/小吃,10-30,饵丝/稀豆粉,,pending,候选,低价正餐候选；POI类型：餐饮服务;中餐厅;中餐厅
food-07-tengchong-mangshi-20260515-005,2026-05-15,腾冲/芒市,07-tengchong-mangshi,高德地图 REST place/text,梁二土烧腊饵丝(腾冲店),腾越镇满邑社区华严三小区170号,饵丝/小吃,10-30,饵丝/稀豆粉,,pending,候选,低价正餐候选；POI类型：餐饮服务;中餐厅;中餐厅
food-07-tengchong-mangshi-20260515-006,2026-05-15,腾冲/芒市,07-tengchong-mangshi,高德地图 REST place/text,家的味道餐馆(宝峰路店),叠水河小区57号,饵丝/小吃,10-30,饵丝/稀豆粉,,pending,候选,低价正餐候选；POI类型：餐饮服务;餐饮相关场所;餐饮相关
food-07-tengchong-mangshi-20260515-007,2026-05-15,腾冲/芒市,07-tengchong-mangshi,高德地图 REST place/text,段记巍山扒肉饵丝,银盘街257号,饵丝/小吃,10-30,饵丝/稀豆粉,,pending,候选,低价正餐候选；POI类型：餐饮服务;餐饮相关场所;餐饮相关
food-07-tengchong-mangshi-20260515-008,2026-05-15,腾冲/芒市,07-tengchong-mangshi,高德地图 REST place/text,盈傣酸汤饵丝小吃,腾越镇山源社区城南新村2-2,饵丝/小吃,10-30,饵丝/稀豆粉,,pending,候选,低价正餐候选；POI类型：餐饮服务;中餐厅;中餐厅
food-07-tengchong-mangshi-20260515-009,2026-05-15,腾冲/芒市,07-tengchong-mangshi,高德地图 REST place/text,腾冲市蔬菜批发市场,将台路与华严街交汇处,市场,5-30,水果/早点/简餐,,pending,候选,补给候选；POI类型：购物服务;综合市场;蔬菜市场
food-07-tengchong-mangshi-20260515-010,2026-05-15,腾冲/芒市,07-tengchong-mangshi,高德地图 REST place/text,腾冲市绮罗综合农贸市场,将台路与绮群巷交叉口西北40米,市场,5-30,水果/早点/简餐,,pending,候选,补给候选；POI类型：购物服务;综合市场;蔬菜市场
food-07-tengchong-mangshi-20260515-011,2026-05-15,腾冲/芒市,07-tengchong-mangshi,高德地图 REST place/text,腾冲市满邑农贸市场,中村巷与华严路交叉口东100米,市场,5-30,水果/早点/简餐,,pending,候选,补给候选；POI类型：购物服务;购物相关场所;购物相关场所
food-07-tengchong-mangshi-20260515-012,2026-05-15,腾冲/芒市,07-tengchong-mangshi,高德地图 REST place/text,网上农贸市场(腾冲优选仓店),天成社区居民委员会人民商场11栋10号01商铺,市场,5-30,水果/早点/简餐,,pending,候选,补给候选；POI类型：购物服务;综合市场;农副产品市场
food-07-tengchong-mangshi-20260515-013,2026-05-15,腾冲/芒市,07-tengchong-mangshi,高德地图 REST place/text,百年菜市场,和顺中心学校西北侧150米,市场,5-30,水果/早点/简餐,,pending,候选,补给候选；POI类型：购物服务;综合市场;蔬菜市场
food-07-tengchong-mangshi-20260515-014,2026-05-15,腾冲/芒市,07-tengchong-mangshi,高德地图 REST place/text,腾冲新水果市场,宝峰路翡翠小区西450米,市场,5-30,水果/早点/简餐,,pending,候选,补给候选；POI类型：购物服务;综合市场;果品市场
food-07-tengchong-mangshi-20260515-015,2026-05-15,腾冲/芒市,07-tengchong-mangshi,高德地图 REST place/text,城西农贸批零市场,腾越街道宝峰路玉宸翠景西300米,市场,5-30,水果/早点/简餐,,pending,候选,补给候选；POI类型：购物服务;综合市场;农副产品市场
food-07-tengchong-mangshi-20260515-016,2026-05-15,腾冲/芒市,07-tengchong-mangshi,高德地图 REST place/text,东营水果批发市场2幢,城西农贸批零市场,市场,5-30,水果/早点/简餐,,pending,候选,补给候选；POI类型：购物服务;综合市场;果品市场
food-07-tengchong-mangshi-20260515-017,2026-05-15,腾冲/芒市,07-tengchong-mangshi,高德地图 REST place/text,芒市南帮小吃店,教师小区二巷与南蚌路交叉口西北40米,小吃,10-35,撒撇/泡鲁达/简餐,,pending,候选,芒市低价小吃候选；POI类型：餐饮服务;中餐厅;中餐厅
food-07-tengchong-mangshi-20260515-018,2026-05-15,腾冲/芒市,07-tengchong-mangshi,高德地图 REST place/text,芒市团洼小吃店,团结大街221-97号,小吃,10-35,撒撇/泡鲁达/简餐,,pending,候选,芒市低价小吃候选；POI类型：餐饮服务;中餐厅;中餐厅
food-07-tengchong-mangshi-20260515-019,2026-05-15,腾冲/芒市,07-tengchong-mangshi,高德地图 REST place/text,芒市小醉小吃店,等相村门牌46号芒市小醉小吃店,小吃,10-35,撒撇/泡鲁达/简餐,,pending,候选,芒市低价小吃候选；POI类型：餐饮服务;餐饮相关场所;餐饮相关
food-07-tengchong-mangshi-20260515-020,2026-05-15,腾冲/芒市,07-tengchong-mangshi,高德地图 REST place/text,银家早点(总店),印金村家同家超市对面银家傣味酸牛肉早点,小吃,10-35,撒撇/泡鲁达/简餐,,pending,候选,芒市低价小吃候选；POI类型：餐饮服务;快餐厅;快餐厅
food-07-tengchong-mangshi-20260515-021,2026-05-15,腾冲/芒市,07-tengchong-mangshi,高德地图 REST place/text,新玩厂小吃街,河东路与环城东路交叉口西220米,小吃,10-35,撒撇/泡鲁达/简餐,,pending,候选,芒市低价小吃候选；POI类型：购物服务;特色商业街;特色商业街
food-07-tengchong-mangshi-20260515-022,2026-05-15,腾冲/芒市,07-tengchong-mangshi,高德地图 REST place/text,烂路早点,,小吃,10-35,撒撇/泡鲁达/简餐,,pending,候选,芒市低价小吃候选；POI类型：餐饮服务;快餐厅;快餐厅
food-07-tengchong-mangshi-20260515-023,2026-05-15,腾冲/芒市,07-tengchong-mangshi,高德地图 REST place/text,连梅早点,环城东路147号,小吃,10-35,撒撇/泡鲁达/简餐,,pending,候选,芒市低价小吃候选；POI类型：餐饮服务;餐饮相关场所;餐饮相关
food-07-tengchong-mangshi-20260515-024,2026-05-15,腾冲/芒市,07-tengchong-mangshi,高德地图 REST place/text,芒市兰英锅贴店,农垦路3-33号,小吃,10-35,撒撇/泡鲁达/简餐,,pending,候选,芒市低价小吃候选；POI类型：餐饮服务;快餐厅;快餐厅
food-07-tengchong-mangshi-20260515-025,2026-05-15,腾冲/芒市,07-tengchong-mangshi,高德地图 REST place/text,芒市东风集贸市场,勐焕路中段(宏利农贸市场旁),市场,5-30,水果/早点/补给,,pending,候选,补给候选；POI类型：购物服务;综合市场;综合市场
food-07-tengchong-mangshi-20260515-026,2026-05-15,腾冲/芒市,07-tengchong-mangshi,高德地图 REST place/text,芒市德发集贸市场,南蚌路79-1号,市场,5-30,水果/早点/补给,,pending,候选,补给候选；POI类型：购物服务;综合市场;综合市场
food-07-tengchong-mangshi-20260515-027,2026-05-15,腾冲/芒市,07-tengchong-mangshi,高德地图 REST place/text,芒市镇红星集贸市场,阔时路5号,市场,5-30,水果/早点/补给,,pending,候选,补给候选；POI类型：购物服务;综合市场;综合市场
food-07-tengchong-mangshi-20260515-028,2026-05-15,腾冲/芒市,07-tengchong-mangshi,高德地图 REST place/text,芒市兴昌农贸市场,丙午路38号,市场,5-30,水果/早点/补给,,pending,候选,补给候选；POI类型：购物服务;综合市场;农副产品市场
food-07-tengchong-mangshi-20260515-029,2026-05-15,腾冲/芒市,07-tengchong-mangshi,高德地图 REST place/text,芒市为民市场(丙午街),丙午路24号,市场,5-30,水果/早点/补给,,pending,候选,补给候选；POI类型：购物服务;综合市场;综合市场
food-07-tengchong-mangshi-20260515-030,2026-05-15,腾冲/芒市,07-tengchong-mangshi,高德地图 REST place/text,芒市宏利综合市场,勐焕路10号附1号,市场,5-30,水果/早点/补给,,pending,候选,补给候选；POI类型：购物服务;综合市场;综合市场
food-07-tengchong-mangshi-20260515-031,2026-05-15,腾冲/芒市,07-tengchong-mangshi,高德地图 REST place/text,芒市第一水果批发市场,镇白象街壹杨娱乐东北100米(翠堤晓镇旁),市场,5-30,水果/早点/补给,,pending,候选,补给候选；POI类型：购物服务;综合市场;果品市场
food-07-tengchong-mangshi-20260515-032,2026-05-15,腾冲/芒市,07-tengchong-mangshi,高德地图 REST place/text,丙门兴农综合批发市场,人保路与芒市大街交叉口西北80米,市场,5-30,水果/早点/补给,,pending,候选,补给候选；POI类型：购物服务;综合市场;综合市场
food-08-puer-jingmai-xishuangbanna-20260515-001,2026-05-15,普洱/景迈山/西双版纳,08-puer-jingmai-xishuangbanna,高德地图 REST place/text,文莉普洱米干店,振兴大道109号(兰花市场对面),米干/简餐,10-30,米干/米线,,pending,候选,低价正餐候选；POI类型：餐饮服务;中餐厅;中餐厅
food-08-puer-jingmai-xishuangbanna-20260515-002,2026-05-15,普洱/景迈山/西双版纳,08-puer-jingmai-xishuangbanna,高德地图 REST place/text,老普洱三和米干店(凤新街店),宁洱镇凤新街翠茗苑185号,米干/简餐,10-30,米干/米线,,pending,候选,低价正餐候选；POI类型：购物服务;专卖店;专营店
food-08-puer-jingmai-xishuangbanna-20260515-003,2026-05-15,普洱/景迈山/西双版纳,08-puer-jingmai-xishuangbanna,高德地图 REST place/text,墨江马英凉米干(普洱分店),阳光新城·静园阳光路18-12,米干/简餐,10-30,米干/米线,,pending,候选,低价正餐候选；POI类型：餐饮服务;中餐厅;中餐厅
food-08-puer-jingmai-xishuangbanna-20260515-004,2026-05-15,普洱/景迈山/西双版纳,08-puer-jingmai-xishuangbanna,高德地图 REST place/text,墨江马英凉米干(普洱二店),宁洱大道50号,米干/简餐,10-30,米干/米线,,pending,候选,低价正餐候选；POI类型：餐饮服务;中餐厅;中餐厅
food-08-puer-jingmai-xishuangbanna-20260515-005,2026-05-15,普洱/景迈山/西双版纳,08-puer-jingmai-xishuangbanna,高德地图 REST place/text,福苑老街牛肉米干店(人民东路总店),人民东路24号,米干/简餐,10-30,米干/米线,,pending,候选,低价正餐候选；POI类型：餐饮服务;中餐厅;中餐厅
food-08-puer-jingmai-xishuangbanna-20260515-006,2026-05-15,普洱/景迈山/西双版纳,08-puer-jingmai-xishuangbanna,高德地图 REST place/text,思茅魏氏豆汤米干,南正街10号,米干/简餐,10-30,米干/米线,,pending,候选,低价正餐候选；POI类型：餐饮服务;中餐厅;中餐厅
food-08-puer-jingmai-xishuangbanna-20260515-007,2026-05-15,普洱/景迈山/西双版纳,08-puer-jingmai-xishuangbanna,高德地图 REST place/text,思茅老街老字号豆汤米干,思茅镇五一路社区五一新居1栋9号,米干/简餐,10-30,米干/米线,,pending,候选,低价正餐候选；POI类型：餐饮服务;中餐厅;中餐厅
food-08-puer-jingmai-xishuangbanna-20260515-008,2026-05-15,普洱/景迈山/西双版纳,08-puer-jingmai-xishuangbanna,高德地图 REST place/text,豆浆米干店,环卫巷普洱万和医院西南侧约100米,米干/简餐,10-30,米干/米线,,pending,候选,低价正餐候选；POI类型：餐饮服务;快餐厅;快餐厅
food-08-puer-jingmai-xishuangbanna-20260515-009,2026-05-15,普洱/景迈山/西双版纳,08-puer-jingmai-xishuangbanna,高德地图 REST place/text,思茅五一农贸市场,物资巷与边城西路交汇处西150米,市场,5-30,水果/早点/补给,,pending,候选,补给候选；POI类型：购物服务;综合市场;农副产品市场
food-08-puer-jingmai-xishuangbanna-20260515-010,2026-05-15,普洱/景迈山/西双版纳,08-puer-jingmai-xishuangbanna,高德地图 REST place/text,孟连集贸市场,帕当路与建设路交叉口东北120米,市场,5-30,水果/早点/补给,,pending,候选,补给候选；POI类型：购物服务;综合市场;农副产品市场|购物服务;综合市场;蔬菜市场
food-08-puer-jingmai-xishuangbanna-20260515-011,2026-05-15,普洱/景迈山/西双版纳,08-puer-jingmai-xishuangbanna,高德地图 REST place/text,金曼集贸市场,无量路康福堂药房旁,市场,5-30,水果/早点/补给,,pending,候选,补给候选；POI类型：购物服务;综合市场;综合市场
food-08-puer-jingmai-xishuangbanna-20260515-012,2026-05-15,普洱/景迈山/西双版纳,08-puer-jingmai-xishuangbanna,高德地图 REST place/text,联珠集贸市场,哈尼大道与323国道交叉口东100米,市场,5-30,水果/早点/补给,,pending,候选,补给候选；POI类型：购物服务;综合市场;综合市场
food-08-puer-jingmai-xishuangbanna-20260515-013,2026-05-15,普洱/景迈山/西双版纳,08-puer-jingmai-xishuangbanna,高德地图 REST place/text,兰花市场,振兴大道92号,市场,5-30,水果/早点/补给,,pending,候选,补给候选；POI类型：购物服务;花鸟鱼虫市场;花卉市场
food-08-puer-jingmai-xishuangbanna-20260515-014,2026-05-15,普洱/景迈山/西双版纳,08-puer-jingmai-xishuangbanna,高德地图 REST place/text,平原蔬菜水果批发市场,老机场路北侧福通建材市场隔壁,市场,5-30,水果/早点/补给,,pending,候选,补给候选；POI类型：购物服务;综合市场;蔬菜市场
food-08-puer-jingmai-xishuangbanna-20260515-015,2026-05-15,普洱/景迈山/西双版纳,08-puer-jingmai-xishuangbanna,高德地图 REST place/text,高家寨综合集贸市场,南屏镇园丁路高家寨,市场,5-30,水果/早点/补给,,pending,候选,补给候选；POI类型：购物服务;综合市场;综合市场
food-08-puer-jingmai-xishuangbanna-20260515-016,2026-05-15,普洱/景迈山/西双版纳,08-puer-jingmai-xishuangbanna,高德地图 REST place/text,劲足公司南垒农贸市场,大街孟连实验学校附近,市场,5-30,水果/早点/补给,,pending,候选,补给候选；POI类型：购物服务;综合市场;农副产品市场
food-08-puer-jingmai-xishuangbanna-20260515-017,2026-05-15,普洱/景迈山/西双版纳,08-puer-jingmai-xishuangbanna,高德地图 REST place/text,景洪小康坎勐海傣味烧烤,曼弄枫曼城A6栋107号,傣味/简餐,20-50,傣味/简餐,,pending,候选,景洪吃饭候选；POI类型：餐饮服务;餐饮相关场所;餐饮相关
food-08-puer-jingmai-xishuangbanna-20260515-018,2026-05-15,普洱/景迈山/西双版纳,08-puer-jingmai-xishuangbanna,高德地图 REST place/text,景洪玉金傣味烧烤,勐海路18号,傣味/简餐,20-50,傣味/简餐,,pending,候选,景洪吃饭候选；POI类型：餐饮服务;中餐厅;中餐厅
food-08-puer-jingmai-xishuangbanna-20260515-019,2026-05-15,普洱/景迈山/西双版纳,08-puer-jingmai-xishuangbanna,高德地图 REST place/text,景洪宰旺勐海傣味烧烤,宰旺勐海傣味烧烤,傣味/简餐,20-50,傣味/简餐,,pending,候选,景洪吃饭候选；POI类型：餐饮服务;中餐厅;综合酒楼
food-08-puer-jingmai-xishuangbanna-20260515-020,2026-05-15,普洱/景迈山/西双版纳,08-puer-jingmai-xishuangbanna,高德地图 REST place/text,景洪小玉莹傣味烧烤,碧江苑7-1商铺,傣味/简餐,20-50,傣味/简餐,,pending,候选,景洪吃饭候选；POI类型：餐饮服务;中餐厅;中餐厅
food-08-puer-jingmai-xishuangbanna-20260515-021,2026-05-15,普洱/景迈山/西双版纳,08-puer-jingmai-xishuangbanna,高德地图 REST place/text,苏召哩傣味烧烤,勐泐大道允南一路粮食局侧面,傣味/简餐,20-50,傣味/简餐,,pending,候选,景洪吃饭候选；POI类型：餐饮服务;中餐厅;综合酒楼
food-08-puer-jingmai-xishuangbanna-20260515-022,2026-05-15,普洱/景迈山/西双版纳,08-puer-jingmai-xishuangbanna,高德地图 REST place/text,老跳傣味烧烤,允景洪街道澜沧江路7号,傣味/简餐,20-50,傣味/简餐,,pending,候选,景洪吃饭候选；POI类型：餐饮服务;中餐厅;综合酒楼
food-08-puer-jingmai-xishuangbanna-20260515-023,2026-05-15,普洱/景迈山/西双版纳,08-puer-jingmai-xishuangbanna,高德地图 REST place/text,小玉傣家乡傣味烧烤,曼斗傣焱美食城内第8号门面,傣味/简餐,20-50,傣味/简餐,,pending,候选,景洪吃饭候选；POI类型：餐饮服务;中餐厅;中餐厅
food-08-puer-jingmai-xishuangbanna-20260515-024,2026-05-15,普洱/景迈山/西双版纳,08-puer-jingmai-xishuangbanna,高德地图 REST place/text,哨傣混•傣味烧烤,大佛寺2570号,傣味/简餐,20-50,傣味/简餐,,pending,候选,景洪吃饭候选；POI类型：餐饮服务;中餐厅;中餐厅
food-08-puer-jingmai-xishuangbanna-20260515-025,2026-05-15,普洱/景迈山/西双版纳,08-puer-jingmai-xishuangbanna,高德地图 REST place/text,景洪农贸市场,勐泐大道14附近,市场,5-30,水果/早点/补给,,pending,候选,热带水果和补给候选；POI类型：购物服务;综合市场;农副产品市场
food-08-puer-jingmai-xishuangbanna-20260515-026,2026-05-15,普洱/景迈山/西双版纳,08-puer-jingmai-xishuangbanna,高德地图 REST place/text,景洪城西集贸市场,王震路5号,市场,5-30,水果/早点/补给,,pending,候选,热带水果和补给候选；POI类型：购物服务;综合市场;农副产品市场
food-08-puer-jingmai-xishuangbanna-20260515-027,2026-05-15,普洱/景迈山/西双版纳,08-puer-jingmai-xishuangbanna,高德地图 REST place/text,景洪市老农贸市场,允大公路与小康东路交叉口东北100米,市场,5-30,水果/早点/补给,,pending,候选,热带水果和补给候选；POI类型：购物服务;综合市场;农副产品市场
food-08-puer-jingmai-xishuangbanna-20260515-028,2026-05-15,普洱/景迈山/西双版纳,08-puer-jingmai-xishuangbanna,高德地图 REST place/text,景洪市嘎栋集贸市场,么龙路22号,市场,5-30,水果/早点/补给,,pending,候选,热带水果和补给候选；POI类型：购物服务;综合市场;综合市场
food-08-puer-jingmai-xishuangbanna-20260515-029,2026-05-15,普洱/景迈山/西双版纳,08-puer-jingmai-xishuangbanna,高德地图 REST place/text,曼阁市场水果批发中心,允景洪街道景亮路176号,市场,5-30,水果/早点/补给,,pending,候选,热带水果和补给候选；POI类型：购物服务;综合市场;果品市场
food-08-puer-jingmai-xishuangbanna-20260515-030,2026-05-15,普洱/景迈山/西双版纳,08-puer-jingmai-xishuangbanna,高德地图 REST place/text,曼迈村农贸市场,么龙路55号,市场,5-30,水果/早点/补给,,pending,候选,热带水果和补给候选；POI类型：购物服务;综合市场;农副产品市场
food-08-puer-jingmai-xishuangbanna-20260515-031,2026-05-15,普洱/景迈山/西双版纳,08-puer-jingmai-xishuangbanna,高德地图 REST place/text,西双版纳州集贸市场,勐腊路3号,市场,5-30,水果/早点/补给,,pending,候选,热带水果和补给候选；POI类型：购物服务;综合市场;农副产品市场
food-08-puer-jingmai-xishuangbanna-20260515-032,2026-05-15,普洱/景迈山/西双版纳,08-puer-jingmai-xishuangbanna,高德地图 REST place/text,景洪路达南北干货香料批发经营部(西双版纳州集贸市场店),西双版纳集贸市场E-2号,市场,5-30,水果/早点/补给,,pending,候选,热带水果和补给候选；POI类型：购物服务;综合市场;农副产品市场
food-09-jianshui-yuanyang-mengzi-puzhehei-20260515-001,2026-05-15,建水/元阳/蒙自/普者黑,09-jianshui-yuanyang-mengzi-puzhehei,高德地图 REST place/text,犂花尖小吃,马市街40号,小吃,10-30,烧豆腐/米线,,pending,候选,低价正餐候选；POI类型：餐饮服务;中餐厅;中餐厅
food-09-jianshui-yuanyang-mengzi-puzhehei-20260515-002,2026-05-15,建水/元阳/蒙自/普者黑,09-jianshui-yuanyang-mengzi-puzhehei,高德地图 REST place/text,草芽柏米线,毓秀路11号,小吃,10-30,烧豆腐/米线,,pending,候选,低价正餐候选；POI类型：餐饮服务;餐饮相关场所;餐饮相关
food-09-jianshui-yuanyang-mengzi-puzhehei-20260515-003,2026-05-15,建水/元阳/蒙自/普者黑,09-jianshui-yuanyang-mengzi-puzhehei,高德地图 REST place/text,古井烧豆腐,朝阳南路与临安路交叉口南200米,小吃,10-30,烧豆腐/米线,,pending,候选,低价正餐候选；POI类型：餐饮服务;中餐厅;特色/地方风味餐厅
food-09-jianshui-yuanyang-mengzi-puzhehei-20260515-004,2026-05-15,建水/元阳/蒙自/普者黑,09-jianshui-yuanyang-mengzi-puzhehei,高德地图 REST place/text,西门朱记烧豆腐老店(二十余年老店),西正街160号,小吃,10-30,烧豆腐/米线,,pending,候选,低价正餐候选；POI类型：餐饮服务;中餐厅;中餐厅
food-09-jianshui-yuanyang-mengzi-puzhehei-20260515-005,2026-05-15,建水/元阳/蒙自/普者黑,09-jianshui-yuanyang-mengzi-puzhehei,高德地图 REST place/text,西门豆腐烧烤老店,西正街163号,小吃,10-30,烧豆腐/米线,,pending,候选,低价正餐候选；POI类型：餐饮服务;中餐厅;中餐厅
food-09-jianshui-yuanyang-mengzi-puzhehei-20260515-006,2026-05-15,建水/元阳/蒙自/普者黑,09-jianshui-yuanyang-mengzi-puzhehei,高德地图 REST place/text,姐妹烧豆腐(可口小吃店),临安镇清远路城郊大厦13号铺面,小吃,10-30,烧豆腐/米线,,pending,候选,低价正餐候选；POI类型：餐饮服务;中餐厅;中餐厅
food-09-jianshui-yuanyang-mengzi-puzhehei-20260515-007,2026-05-15,建水/元阳/蒙自/普者黑,09-jianshui-yuanyang-mengzi-puzhehei,高德地图 REST place/text,西雅苏新疆炒米粉(建水县店),朝阳北路79号附5号铺面,小吃,10-30,烧豆腐/米线,,pending,候选,低价正餐候选；POI类型：餐饮服务;餐饮相关场所;餐饮相关
food-09-jianshui-yuanyang-mengzi-puzhehei-20260515-008,2026-05-15,建水/元阳/蒙自/普者黑,09-jianshui-yuanyang-mengzi-puzhehei,高德地图 REST place/text,诸葛井餐厅,北正街63号,小吃,10-30,烧豆腐/米线,,pending,候选,低价正餐候选；POI类型：餐饮服务;中餐厅;中餐厅
food-09-jianshui-yuanyang-mengzi-puzhehei-20260515-009,2026-05-15,建水/元阳/蒙自/普者黑,09-jianshui-yuanyang-mengzi-puzhehei,高德地图 REST place/text,建水县新城集贸市场,临安镇觐光街10号,市场,5-30,水果/早点/补给,,pending,候选,补给候选；POI类型：购物服务;综合市场;综合市场
food-09-jianshui-yuanyang-mengzi-puzhehei-20260515-010,2026-05-15,建水/元阳/蒙自/普者黑,09-jianshui-yuanyang-mengzi-puzhehei,高德地图 REST place/text,建水县曲江镇第二农贸市场,245国道与三新段交叉口西北120米,市场,5-30,水果/早点/补给,,pending,候选,补给候选；POI类型：购物服务;综合市场;综合市场
food-09-jianshui-yuanyang-mengzi-puzhehei-20260515-011,2026-05-15,建水/元阳/蒙自/普者黑,09-jianshui-yuanyang-mengzi-puzhehei,高德地图 REST place/text,建水县岔科农贸市场,岔科镇县道G10岔科农贸市场,市场,5-30,水果/早点/补给,,pending,候选,补给候选；POI类型：购物服务;综合市场;农副产品市场
food-09-jianshui-yuanyang-mengzi-puzhehei-20260515-012,2026-05-15,建水/元阳/蒙自/普者黑,09-jianshui-yuanyang-mengzi-puzhehei,高德地图 REST place/text,韩家农贸市场,福康路,市场,5-30,水果/早点/补给,,pending,候选,补给候选；POI类型：购物服务;综合市场;农副产品市场
food-09-jianshui-yuanyang-mengzi-puzhehei-20260515-013,2026-05-15,建水/元阳/蒙自/普者黑,09-jianshui-yuanyang-mengzi-puzhehei,高德地图 REST place/text,南庄镇农贸市场,安康路与兴盛路交叉口东南120米,市场,5-30,水果/早点/补给,,pending,候选,补给候选；POI类型：购物服务;综合市场;综合市场
food-09-jianshui-yuanyang-mengzi-puzhehei-20260515-014,2026-05-15,建水/元阳/蒙自/普者黑,09-jianshui-yuanyang-mengzi-puzhehei,高德地图 REST place/text,翠屏商业农贸市场,翠屏路与泽园路交叉口西南100米,市场,5-30,水果/早点/补给,,pending,候选,补给候选；POI类型：购物服务;购物相关场所;购物相关场所
food-09-jianshui-yuanyang-mengzi-puzhehei-20260515-015,2026-05-15,建水/元阳/蒙自/普者黑,09-jianshui-yuanyang-mengzi-puzhehei,高德地图 REST place/text,翠果(翠屏商业农贸市场店),翠屏商业农贸市场,市场,5-30,水果/早点/补给,,pending,候选,补给候选；POI类型：购物服务;购物相关场所;购物相关场所
food-09-jianshui-yuanyang-mengzi-puzhehei-20260515-016,2026-05-15,建水/元阳/蒙自/普者黑,09-jianshui-yuanyang-mengzi-puzhehei,高德地图 REST place/text,果香园(翠屏商业农贸市场店),翠屏商业农贸市场东南门西南60米,市场,5-30,水果/早点/补给,,pending,候选,补给候选；POI类型：购物服务;综合市场;果品市场
food-09-jianshui-yuanyang-mengzi-puzhehei-20260515-017,2026-05-15,建水/元阳/蒙自/普者黑,09-jianshui-yuanyang-mengzi-puzhehei,高德地图 REST place/text,蒙自过桥米线(启文路店),景明路与启文路交叉口东北20米,米线/简餐,10-35,过桥米线,,pending,候选,蒙自主食候选；POI类型：餐饮服务;中餐厅;特色/地方风味餐厅
food-09-jianshui-yuanyang-mengzi-puzhehei-20260515-018,2026-05-15,建水/元阳/蒙自/普者黑,09-jianshui-yuanyang-mengzi-puzhehei,高德地图 REST place/text,蒙自正宗过桥米线,麒麟街26栋1单元商铺,米线/简餐,10-35,过桥米线,,pending,候选,蒙自主食候选；POI类型：餐饮服务;中餐厅;特色/地方风味餐厅
food-09-jianshui-yuanyang-mengzi-puzhehei-20260515-019,2026-05-15,建水/元阳/蒙自/普者黑,09-jianshui-yuanyang-mengzi-puzhehei,高德地图 REST place/text,蒙自菊花过桥米线,西城农贸市场健民路106号59小区门口,米线/简餐,10-35,过桥米线,,pending,候选,蒙自主食候选；POI类型：餐饮服务;中餐厅;特色/地方风味餐厅
food-09-jianshui-yuanyang-mengzi-puzhehei-20260515-020,2026-05-15,建水/元阳/蒙自/普者黑,09-jianshui-yuanyang-mengzi-puzhehei,高德地图 REST place/text,香麒园(同德广场店),银河路82号同德广场,米线/简餐,10-35,过桥米线,,pending,候选,蒙自主食候选；POI类型：餐饮服务;中餐厅;中餐厅
food-09-jianshui-yuanyang-mengzi-puzhehei-20260515-021,2026-05-15,建水/元阳/蒙自/普者黑,09-jianshui-yuanyang-mengzi-puzhehei,高德地图 REST place/text,吴记榴乡菊花过桥米线,锦华路与富春路交叉口红竺园C区1栋,米线/简餐,10-35,过桥米线,,pending,候选,蒙自主食候选；POI类型：餐饮服务;中餐厅;特色/地方风味餐厅
food-09-jianshui-yuanyang-mengzi-puzhehei-20260515-022,2026-05-15,建水/元阳/蒙自/普者黑,09-jianshui-yuanyang-mengzi-puzhehei,高德地图 REST place/text,火烧房子菊花米线,兴盛路6号,米线/简餐,10-35,过桥米线,,pending,候选,蒙自主食候选；POI类型：餐饮服务;中餐厅;中餐厅
food-09-jianshui-yuanyang-mengzi-puzhehei-20260515-023,2026-05-15,建水/元阳/蒙自/普者黑,09-jianshui-yuanyang-mengzi-puzhehei,高德地图 REST place/text,鑫桥源菊花过桥米线(蒙自店),兴盛路元亨美食城E区1号,米线/简餐,10-35,过桥米线,,pending,候选,蒙自主食候选；POI类型：餐饮服务;中餐厅;特色/地方风味餐厅
food-09-jianshui-yuanyang-mengzi-puzhehei-20260515-024,2026-05-15,建水/元阳/蒙自/普者黑,09-jianshui-yuanyang-mengzi-puzhehei,高德地图 REST place/text,罐老大罐罐米线(蒙自店),文澜街道锦华路红竺园小区F-1号,米线/简餐,10-35,过桥米线,,pending,候选,蒙自主食候选；POI类型：餐饮服务;餐饮相关场所;餐饮相关
food-09-jianshui-yuanyang-mengzi-puzhehei-20260515-025,2026-05-15,建水/元阳/蒙自/普者黑,09-jianshui-yuanyang-mengzi-puzhehei,高德地图 REST place/text,蒙自老监管站农贸市场,G14县道与039乡道交叉口南100米,市场,5-30,水果/早点/补给,,pending,候选,补给候选；POI类型：购物服务;综合市场;农副产品市场
food-09-jianshui-yuanyang-mengzi-puzhehei-20260515-026,2026-05-15,建水/元阳/蒙自/普者黑,09-jianshui-yuanyang-mengzi-puzhehei,高德地图 REST place/text,蒙自市华美农贸市场二号门花姐石屏土特产,华美农贸市场2号门2栋01号花姐石屏土特产,市场,5-30,水果/早点/补给,,pending,候选,补给候选；POI类型：购物服务;购物相关场所;购物相关场所
food-09-jianshui-yuanyang-mengzi-puzhehei-20260515-027,2026-05-15,建水/元阳/蒙自/普者黑,09-jianshui-yuanyang-mengzi-puzhehei,高德地图 REST place/text,蒙自港发海鲜(桥头综合农贸市场店),文澜镇明珠路适长线桥头综合农贸市场,市场,5-30,水果/早点/补给,,pending,候选,补给候选；POI类型：购物服务;综合市场;水产海鲜市场
food-09-jianshui-yuanyang-mengzi-puzhehei-20260515-028,2026-05-15,建水/元阳/蒙自/普者黑,09-jianshui-yuanyang-mengzi-puzhehei,高德地图 REST place/text,蒙自富洋商店(桥头综合农贸市场店),文澜镇明珠路桥头农贸市场正大门口,市场,5-30,水果/早点/补给,,pending,候选,补给候选；POI类型：购物服务;购物相关场所;购物相关场所
food-09-jianshui-yuanyang-mengzi-puzhehei-20260515-029,2026-05-15,建水/元阳/蒙自/普者黑,09-jianshui-yuanyang-mengzi-puzhehei,高德地图 REST place/text,土官村菜市场,Z001与龙井路交叉口西80米,市场,5-30,水果/早点/补给,,pending,候选,补给候选；POI类型：购物服务;综合市场;蔬菜市场
food-09-jianshui-yuanyang-mengzi-puzhehei-20260515-030,2026-05-15,建水/元阳/蒙自/普者黑,09-jianshui-yuanyang-mengzi-puzhehei,高德地图 REST place/text,蒙自水果批发市场,北大街17号,市场,5-30,水果/早点/补给,,pending,候选,补给候选；POI类型：购物服务;综合市场;果品市场
food-09-jianshui-yuanyang-mengzi-puzhehei-20260515-031,2026-05-15,建水/元阳/蒙自/普者黑,09-jianshui-yuanyang-mengzi-puzhehei,高德地图 REST place/text,起龙农副产品交易中心,天竺路12号,市场,5-30,水果/早点/补给,,pending,候选,补给候选；POI类型：购物服务;综合市场;综合市场
food-09-jianshui-yuanyang-mengzi-puzhehei-20260515-032,2026-05-15,建水/元阳/蒙自/普者黑,09-jianshui-yuanyang-mengzi-puzhehei,高德地图 REST place/text,桥头综合农贸市场,明珠路桥头农贸市场,市场,5-30,水果/早点/补给,,pending,候选,补给候选；POI类型：购物服务;综合市场;综合市场
food-09-jianshui-yuanyang-mengzi-puzhehei-20260515-033,2026-05-15,建水/元阳/蒙自/普者黑,09-jianshui-yuanyang-mengzi-puzhehei,高德地图 REST place/text,宏明饭店(普者黑大街),普者黑大街181号,景区餐馆,20-50,简餐/家常菜,,pending,候选,景区吃饭候选；POI类型：餐饮服务;中餐厅;中餐厅
food-09-jianshui-yuanyang-mengzi-puzhehei-20260515-034,2026-05-15,建水/元阳/蒙自/普者黑,09-jianshui-yuanyang-mengzi-puzhehei,高德地图 REST place/text,黑房子饭店(普者黑大街店),普者黑大街220号,景区餐馆,20-50,简餐/家常菜,,pending,候选,景区吃饭候选；POI类型：餐饮服务;中餐厅;中餐厅
food-09-jianshui-yuanyang-mengzi-puzhehei-20260515-035,2026-05-15,建水/元阳/蒙自/普者黑,09-jianshui-yuanyang-mengzi-puzhehei,高德地图 REST place/text,四海一家餐厅(普者黑风景区店),锦屏镇普者黑一级游客服务中心内美食中心,景区餐馆,20-50,简餐/家常菜,,pending,候选,景区吃饭候选；POI类型：餐饮服务;餐饮相关场所;餐饮相关
food-09-jianshui-yuanyang-mengzi-puzhehei-20260515-036,2026-05-15,建水/元阳/蒙自/普者黑,09-jianshui-yuanyang-mengzi-puzhehei,高德地图 REST place/text,聚丰园饭店(普者黑大街店),普者黑大街与文翠路交叉口西80米,景区餐馆,20-50,简餐/家常菜,,pending,候选,景区吃饭候选；POI类型：餐饮服务;中餐厅;中餐厅
food-09-jianshui-yuanyang-mengzi-puzhehei-20260515-037,2026-05-15,建水/元阳/蒙自/普者黑,09-jianshui-yuanyang-mengzi-puzhehei,高德地图 REST place/text,普者黑落日拾光湖畔餐厅,仙人洞村湖边廊桥145号,景区餐馆,20-50,简餐/家常菜,,pending,候选,景区吃饭候选；POI类型：餐饮服务;餐饮相关场所;餐饮相关
food-09-jianshui-yuanyang-mengzi-puzhehei-20260515-038,2026-05-15,建水/元阳/蒙自/普者黑,09-jianshui-yuanyang-mengzi-puzhehei,高德地图 REST place/text,聚仙楼·壮族特色餐厅,双龙营镇普者黑爱村民委仙人洞村小组164号,景区餐馆,20-50,简餐/家常菜,,pending,候选,景区吃饭候选；POI类型：餐饮服务;中餐厅;中餐厅
food-09-jianshui-yuanyang-mengzi-puzhehei-20260515-039,2026-05-15,建水/元阳/蒙自/普者黑,09-jianshui-yuanyang-mengzi-puzhehei,高德地图 REST place/text,半湖云湖景餐厅,双龙营镇普者黑村普新半湖云餐厅,景区餐馆,20-50,简餐/家常菜,,pending,候选,景区吃饭候选；POI类型：餐饮服务;中餐厅;云贵菜
food-09-jianshui-yuanyang-mengzi-puzhehei-20260515-040,2026-05-15,建水/元阳/蒙自/普者黑,09-jianshui-yuanyang-mengzi-puzhehei,高德地图 REST place/text,荷香源民家菜馆,兄妹饭庄东北侧,景区餐馆,20-50,简餐/家常菜,,pending,候选,景区吃饭候选；POI类型：餐饮服务;中餐厅;中餐厅
food-10-kunming-return-20260515-001,2026-05-15,昆明返程,10-kunming-return,飞猪/FlyAI ai-search / 复用,祥云美食城,得胜桥/祥云街,美食城,10-35,罐罐米线/涮菜/云南小吃,https://a.feizhu.com/1x18CU,pending,候选,返程缓冲复用昆明候选；昆明站坐地铁到得胜桥约2站；适合低预算正餐和小吃集中解决
food-10-kunming-return-20260515-002,2026-05-15,昆明返程,10-kunming-return,飞猪/FlyAI ai-search / 复用,祥云街,得胜桥/祥云街,小吃街,10-40,云南菜/小吃,https://a.feizhu.com/4PNTuy,pending,候选,返程缓冲复用昆明候选；与祥云美食城相邻；选择多但需现场避开明显游客价
food-10-kunming-return-20260515-003,2026-05-15,昆明返程,10-kunming-return,飞猪/FlyAI ai-search / 复用,南强步行街,昆明老街/得胜桥,小吃街,10-40,风味小吃,https://a.feizhu.com/03vyhI,pending,候选,返程缓冲复用昆明候选；离昆明站地铁距离近；适合顺路边逛边吃
food-10-kunming-return-20260515-004,2026-05-15,昆明返程,10-kunming-return,飞猪/FlyAI ai-search / 复用,文化巷,翠湖/云南大学,学生街区,10-35,学生价简餐/滇味小吃,https://a.feizhu.com/3KwNbs,pending,候选,返程缓冲复用昆明候选；翠湖步行约10分钟；适合低价晚餐和长期日常吃饭
food-10-kunming-return-20260515-005,2026-05-15,昆明返程,10-kunming-return,飞猪/FlyAI ai-search / 复用,文明街传统老字号商街,昆明老街/文明街,老字号商街,10-40,鲜花饼/米线/传统小吃,https://a.feizhu.com/4NdS4E,pending,候选,返程缓冲复用昆明候选；属于昆明老街片区；后续复核是否游客化和排队情况
